id,en,pl,why,sim
197,"Like tempered steel, both lessons have made her stronger. 5/6 Heroes in the territory Each player uses the tracking tokens to record their initial values on the battle board (red for attacker, blue for defender).","Pojęła obie lekcje i jest dzięki nim silna niczym hartowana stal. 5/6 bohater na danym terytorium Gracze zaznaczają początkowe wartości na liczniku walki za pomocą znaczników walki (napastnik używa czerwonych znaczników, a obrońca – niebieskich).",,0.815
215,They are not limited by the battle board.,Licznik walki nie wskazuje ich maksymalnej wartości.,sim,0.469
20,Only one clan will write its legend in the blood-soaked chronicles of Toshi Ranbo.,Tylko jeden klan zapisze się na przesiąkniętych krwią kartach historii Toshi Ranbo.,,0.761
132,"Tactics When you activate your expand column, you may buy 1 or more of your tactics cards.","Karty taktyki Gdy gracz aktywuje kolumnę rozwoju, może kupić 1 albo więcej swoich kart taktyki.",,0.866
261,Clan Buildings: The unique buildings and camp buildings (circle-shaped tiles) each clan can build.,"Budowle klanu. Unikatowe budowle i obozy, które mogą zostać zbudowane przez poszczególne klany.",dup,0.844
248,"If any player has fewer than 3 troops on the main board after resolving all these effects, they place troops in their fort until they have 3 troops on the board (even if it is not their turn).","Jeśli po rozpatrzeniu tych efektów któryś z graczy ma na planszy głównej mniej niż 3 wojowników, umieszcza w swoim forcie tylu wojowników, aby mieć ich na planszy 3 (nawet jeśli nie jest to tura tego gracza).",,0.83
207,A player can never roll more than 6 dice.,Można wykonać rzut maksymalnie 6 kośćmi.,,0.693
155,"If you control 2 shrine territories, you earn an achievement (see p. 10). Recruit Shrine Armory Shrine Recruit Upgrade Tile Before or after a movement action, Crab may pay 1 to move directly from their fort to any watchtower on the map.","Jeśli gracz kontroluje 2 terytoria świątyń jednocześnie, zdobywa osiągnięcie (zob. str. 10). świątynia rekrutacji świątynia zbrojenia żeton ulepszenia: rekrutacja Klan Kraba ma w tej turze 2 ruchy.",numbers,0.704
244,"Since Lion has at least 1 surviving troop, they win the battle, take the territory, and score an achievement for winning a battle as the attacker. ◊Crane retreats their 1 surviving troop and their hero to their fort I . ◊Lion then takes a village token of their choice from Crane and gains the indicated resource (1 )","Klan Lwa wciąż ma wojowników, więc wygrywa bitwę, przejmuje kontrolę nad terytorium i zdobywa osiągniecie wymagające wygrania bitwy jako napastnik. ◊Klan Żurawia wycofuje 1 wojownika, który przeżył, i bohatera do swojego fortu I . ◊Klan Lwa zabiera Klanowi Żurawia wybrany przez siebie żeton wioski i otrzymuje wskazany na nim zasób (1 )",,0.817
183,Cost 3 Influence: Gain 1 of your clan’s 2 special order cards .,Koszt: 3 żetony wpływu Otrzymujesz 1 z 2 kart rozkazów specjalnych swojego klanu.,,0.868
111,"Roll 3, Keep 2 Recruit 1 Troop 1 Movement 1 Movement Buy Extra Movement with EXPAND INFLUENCE Gain 1 Gain 1 or 1 1 Movement Buy Buildings with Buy Extra Movement with Buy Tactics with You may perform this action as many times as you can afford. = Example – Activating the Expand Column: You take the 2 card (paying its cost), then tuck it behind the corresponding column color.","Rzuć 3 kośćmi, zachowaj 2 kości Zrekrutuj 1 wojownika REKRUTACJA 1 ruch 1 ruch Kup dodatkowe ruchy za ROZWÓJ WPŁYW Otrzymujesz 1 1 ruch Zbuduj budowle Kup dodatkowe ruchy za Możesz wykonać daną akcję tyle razy, na ile Cię stać. = Przykład aktywowania kolumny rozwoju: Gracz wybrał kartę rozkazu zapewniającą 2 i po opłaceniu jej kosztu wsunął ją pod wcześniej umieszczoną kartę w kolumnie odpowiedniego koloru.",,0.836
258,"Franchise Development: Andy Christensen, Joe DeSimone, Ness Jack, Matt Keefe, Charlotte Llewelyn-Wells, Brian Mulcahy, Gwendolyn Nix, Katrina Ostrander, Sean Ryan, Ashley Stephens, Nick Tyler Office Dog Team: Bryan Bornmueller, Randy Delven, Kevin Ellenburg, Britta Fisher, Ellie Gentry, Guadalupe Gonzalez, Mike Hummel, Waleed Ma’arouf, Zack Marsh, Tony Mastrangeli, Krystal Rose, Preston Wing, Bree Woodward Special Thanks: Justin Anger, Michael Blomberg, Max Brooke, Teresa Dery, Emile de Maat, Halley Feil, Thomas Gallecier, Miguel Gonzalez, Laura Huls, Ellen Pahr, Luke Peterschmidt, Alex Schlee, Jacinda Wilson, Madeleine Wright Playtesting Organizers: Alish Dahal, Kevin Ellenberg, Miguel Gonzalez, Charlie McCarron, Joevan Salmon-Johnson, Jonathan Westfall, Emile de Maat Playtesters: Pásztor Balázs, Chris Baldwin, Jeff Chin, Ben Cichoski, Michael Coe, Nick Davies, Antonino De Rosa, Robin Giron Deras, Henry Geddes, Dan Germain, Tara Gilmour-Long, Gage Gwaltney, Anita Hilberdink, Aaron Houssian, Chris James, Scott Jensen, Gál József and the Kicktester Team, Morgan Lair, Christopher Larson, Danny Mandel, Hailey McCaffrie, Storm McCaffrie, Andrew Nerger, NWO Game Designers, Dwight Powell, Hector Reyes, Caleb Ruah, Frank Sándor, Christopher Talbot, Yilin Tian, Travis Rowen Williams Board Game Arena Playtesters: John Alexander, clumsy_cah, Duncan Davis, Edwardnkim, Helkaraxe, Alex Jacobs, Tyler Kay, Jenny Langley, Mel Targaryen, Turtle_dude, Jeff Williamson, and the alpha community To explore products, lore, and news about the Legend of the Five Rings and discover more about the expansive world of Rokugan, visit: www.LegendoftheFiveRings.com","Rozwój franczyzy: Andy Christensen, Joe DeSimone, Ness Jack, Matt Keefe, Charlotte Llewelyn-Wells, Brian Mulcahy, Gwendolyn Nix, Katrina Ostrander, Sean Ryan, Ashley Stephens, Nick Tyler Zespół Office Dog: Bryan Bornmueller, Randy Delven, Kevin Ellenburg, Britta Fisher, Ellie Gentry, Guadalupe Gonzalez, Mike Hummel, Waleed Ma’arouf, Zack Marsh, Tony Mastrangeli, Krystal Rose, Preston Wing, Bree Woodward Specjalne podziękowania: Justin Anger, Michael Blomberg, Max Brooke, Teresa Dery, Emile de Maat, Halley Feil, Thomas Gallecier, Miguel Gonzalez, Laura Huls, Ellen Pahr, Luke Peterschmidt, Alex Schlee, Jacinda Wilson, Madeleine Wright Organizatorzy testów: Alish Dahal, Kevin Ellenberg, Miguel Gonzalez, Charlie McCarron, Joevan Salmon-Johnson, Jonathan Westfall, Emile de Maat Testerzy: Pásztor Balázs, Chris Baldwin, Jeff Chin, Ben Cichoski, Michael Coe, Nick Davies, Antonino De Rosa, Robin Giron Deras, Henry Geddes, Dan Germain, Tara Gilmour-Long, Gage Gwaltney, Anita Hilberdink, Aaron Houssian, Chris James, Scott Jensen, Gál József i Kicktester Team, Morgan Lair, Christopher Larson, Danny Mandel, Hailey McCaffrie, Storm McCaffrie, Andrew Nerger, NWO Game Designers, Dwight Powell, Hector Reyes, Caleb Ruah, Frank Sándor, Christopher Talbot, Yilin Tian, Travis Rowen Williams Testerzy na Board Game Arena: John Alexander, clumsy_cah, Duncan Davis, Edwardnkim, Helkaraxe, Alex Jacobs, Tyler Kay, Jenny Langley, Mel Targaryen, Turtle_dude, Jeff Williamson i społeczność testerów alfa Tłumaczenie na język polski: Agnieszka Chrzanowska Wersja polska: zespół Rebel Informacje o produktach i najnowsze wiadomości o Legendzie Pięciu Kręgów oraz więcej informacji o nieustannie rozwijanym świecie Rokuganu można znaleźć na stronie:",frag,0.966
71,Your Turn Play begins with the first player and proceeds clockwise.,Tura gracza Rozgrywkę rozpoczyna pierwszy gracz. Następnie gracze rozgrywają tury zgodnie z kierunkiem ruchu wskazówek zegara.,ratio,0.761
144,Tactics Card Cost to Acquire Effect ◊You can split up an army by moving ◊You may move the same army some troops out of a territory and leaving some behind. multiple times with multiple movements or split movements between different armies. ◊You may purchase as much extra ◊As soon as an army enters movement as you can afford based on the column activated.,"Gracz może przemieścić niektórych wojowników z danego terytorium, a niektórych na nim zostawić. ◊Gracz może rozpatrzyć kilka ruchów tą samą armią albo rozdzielić ruchy między kilka swoich armii. ◊Gracz może kupić tyle dodatkowych ◊Gdy armia gracza przemieści się ruchów, na ile go stać, opłacając koszt wskazany w aktywowanej kolumnie.",,0.808
259,Attacker: The player moving troops into a territory containing another player’s troops.,"Napastnik. Gracz, którego armia weszła na terytorium z armią innego gracza.",,0.828
48,"Hero Cards x 3 Hida O-Ushi Hammer of the Crab If you have fewer troops here than your opponent when a battle starts here, each of your troops counts as instead of . Tactics Cards x 2 Siege Warfare in battles that happen in a shrine, a watchtower, or Toshi Ranbo.","Neutralnych kart taktyki otrzymanych podczas przygotowania do rozgrywki nie należy pokazywać pozostałym graczom. 3 karty bohaterów Hida O-Ushi Młot kraba Jeśli na początku bitwy masz tu mniej wojowników niż przeciwnik, każdy Twój wojownik zapewnia (zamiast ). 2 karty taktyki Wojna oblężnicza Gdy uczestniczysz w bitwie na terytorium świątyni, strażnicy albo Toshi Ranbo, otrzymujesz .",,0.774
158,"If you gain a troop this way, place it in your fort.","Jeśli gracz otrzyma w ten sposób wojownika, umieszcza go w swoim forcie.",,0.707
204,Nothing can save you.” Heroes in the territory Order cards Tactics Fortifications Control: You can recruit troops here.,Nic już cię nie ocali”. bohater na danym karty rozkazów karty taktyki terytorium Fortyfikacje Kontrola: Możesz tu rekrutować i wycofywać wojowników.,,0.858
64,Perform a Clan-Specific Goal (You may complete 2 different goal cards.),"Zrealizowanie celu klanu. (Takie osiągnięcie można zdobyć 2 razy, realizując 2 różne cele).",,0.774
232,"E As the defender, Crane rolls first.","E Klan Żurawia jest obrońcą, więc pierwszy rzuca kośćmi.",,0.726
136,Some tactics cards recruit heroes when acquired.,Niektóre karty taktyki pozwalają po kupieniu zrekrutować bohatera (zob.,,0.724
180,"Cost 2 Influence: Recruit 1 of your clan’s heroes (see below for hero rules), then activate any column on your clan board.","Koszt: 2 żetony wpływu Zrekrutuj 1 ze swoich bohaterów klanu (zob. Bohaterowie niżej), a następnie aktywuj dowolną kolumnę.",,0.872
264,Defender: The player whose territory was invaded.,"Obrońca. Gracz, którego terytorium zostało najechane.",,0.836
154,You maintain possession of the upgrade tile until an opponent takes it from you. Having possession of the upgrade tile does not count as controlling the shrine territory.,"Gracz zachowuje żeton ulepszenia, dopóki któryś z przeciwników mu go nie zabierze, nie traci go, jeśli świątynia nie jest przez nikogo kontrolowana.",sim,0.562
230,They have no .,Nie ma żadnego .,,0.789
37,It is recommended that you save room on all sides of your clan board for card placement.,Rodzaje kart klanu na str. 9). Wokół planszetki klanu będzie potrzebne miejsce na umieszczanie kart.,,0.588
79,4. Resolve Battle (if a battle has been triggered),4. Rozpatrzenie bitwy (jeśli została zainicjowana),,0.886
25,Deal 5 faceup cards on the order row spots on the main board.,Następnie należy wyłożyć 5 odkrytych kart na pola rzędu rozkazów na planszy głównej.,,0.759
186,Heroes Each clan has 3 unique heroes who can be recruited from your tactics cards and the noble action.,Bohaterowie Każdy klan ma 3 unikatowych bohaterów. Bohatera klanu można zrekrutować za pomocą karty taktyki klanu i wykonując akcję zwoju .,,0.866
18,"Once a strategic gem on the borderlands, the castle now stands at the heart of a war-torn battlefield, its banners contested by rival warlords seeking glory and vengeance.","Kiedyś była ona ważnym strategicznie miejscem na rubieżach, a dziś znajduje się w samym sercu pola bitwy i walczą o nią klany pragnące chwały i zemsty.",frag,0.712
246,H H I J H J,H H I J H J,same,1.0
217,"When a troop is killed, remove it from the territory and return it to its respective clan board.",Zabitych wojowników zdejmuje się z planszy i odkłada na odpowiednią planszetkę klanu. Zabicie wojownika nie zmniejsza liczby przeciwnika.,,0.631
175,"3b Take a Noble Action If you placed an order card facedown on a noble action instead of activating a column during step 2 (p. 11), take the action printed on your clan board: Cost 1 Influence: Choose another card from the order row (paying any costs) and place it on any column of your clan board (even if the color does not match).","3b Wykonanie akcji zwoju Jeśli w kroku 2 (zob. str. 11) gracz umieścił zakrytą kartę rozkazu poniżej swojej planszetki przy jednej z dostępnych akcji zwoju, wykonuje tę akcję, a następnie przykrywa ją tą kartą. Na planszetce klanu są 3 akcje zwoju: Koszt: 1 żeton wpływu Wybierz inną kartę z rzędu rozkazów i po opłaceniu jej kosztu (jeśli jest) umieść ją w dowolnej kolumnie (nawet innego koloru).",,0.843
84,"In the unlikely event that there are not enough order cards to refill the row, shuffle the discarded orders and form a new deck. 2 Place the Order Card You have 2 choices of what to do with the chosen order card: 1.","Jeśli w talii rozkazów zabraknie kart, aby uzupełnić rząd rozkazów, należy potasować odrzucone karty rozkazów i utworzyć nową talię. 2 Umieszczenie karty rozkazu Gracz może użyć wybranej karty rozkazów na 1 z 2 sposobów: 1.",,0.835
120,The player that controls its territory gains its benefits.,"Gracz, który kontroluje terytorium z tą budowlą, korzysta z jej efektu.",,0.697
143,They will claim the armory upgrade tile there at the end of their turn.,Na koniec swojej tury gracz weźmie ten żeton ulepszenia. WPŁYW karta taktyki koszt zakupu efekt go od razu.,sim,0.48
243,Crane kills 2 of Lion’s troops H . ◊Lion’s total of 7 defeats Crane’s total of 5.,"Klan Żurawia zabija zatem 2 wojowników Klanu Lwa H . ◊Klan Lwa ma 7 , a Klan Żurawia 5 .",,0.806
90,"You also control your clan buildings, even without troops, until taken by an opponent.","Gracz kontroluje też budowle swojego klanu, nawet bez wojowników, dopóki nie przejmą ich przeciwnicy.",,0.792
260,Army: A group of 1 or more troops from the same clan in a single territory.,"Armia. Grupa wojowników tego samego klanu na pojedynczym terytorium, składająca się z co najmniej 1 wojownika.",dup,0.861
80,(pp. 18–19),(str. 18–19),garbled,0.993
156,"Before or after their next movement, Crab may pay 1 to move to any other watchtower or back to their fort. Influence Shrine Armory Upgrade Tile Influence Upgrade Tile","Przed albo po rozpatrzeniu drugiego ruchu znów może wydać 1 , aby przenieść wybranych wojowników ze strażnicy do innej strażnicy albo z powrotem do fortu. świątynia wpływu żeton ulepszenia: żeton ulepszenia: zbrojenie wpływ",,0.745
163,The first player to move an army into Toshi Ranbo must have at least 5 strength ( ) in that army A .,"Jeśli kafelek Toshi Ranbo jest odwrócony stroną początkową do góry, armia, która chce wejść do Toshi Ranbo, musi mieć siłę ( ) co najmniej 5 A .",,0.795
52,"Each territory must have 2 or more troops present. rules, follow the rules on the card.”",Na każdym z nich musisz mieć co najmniej 2 wojowników.,ratio,0.615
141,B They then pay 1 to move an additional time to the empty village space.,"B Następnie wydaje 1 , aby rozpatrzyć dodatkowy ruch i przemieścić się na puste terytorium wioski.",,0.753
122,"For each clan building you build, pay the cost in shown on the building card; place the building card on your clan board, covering 1 of the 2 spots for buildings; then place the building tile on the main board in a territory, adhering to the following restrictions: You may build a building in territories ◊where you have an army, ◊ adjacent to where you have an army, or ◊adjacent to your fort.","Za każdą budowaną budowlę klanu gracz opłaca koszt w wskazany na karcie budowli, po czym kładzie tę kartę na 1 z 2 miejsc na karty budowli poniżej swojej planszetki klanu. Następnie umieszcza kafelek budowli na planszy głównej na terytorium spełniającym opisane niżej warunki.",ratio,0.76
113,A You gain 2 .,A Gracz otrzymuje 2 .,,0.676
221,Defender must retreat.,Obrońca musi się wycofać.,,0.934
133,"You have 2 clan-specific tactics and 2 neutral tactics, received during setup, to choose from.","Gracz wybiera spośród 2 kart taktyki klanu i 2 neutralnych kart taktyki, które otrzymał podczas przygotowania rozgrywki.",,0.753
66,The first player to place all 7 of their achievement markers wins the game immediately. ◊You gain an achievement as soon as you meet the requirement.,"Gracz, który jako pierwszy umieści 7 swoich znaczników osiągnięć, natychmiast wygrywa rozgrywkę. Kupienie 3 kart taktyki. ◊Gracz zdobywa osiągnięcie natychmiast po spełnieniu jego wymagań.",,0.897
15,"Game Overview In Gunsen: The Battle for Toshi Ranbo, players take on the role of ambitious daimyō representing one of the seven Great Clans, recruiting samurai heroes, drafting powerful orders, and building their clan’s military might and strategic influence.","Wprowadzenie W grze Gunsen: Bitwa o Toshi Ranbo każdy z graczy wciela się w rolę ambitnego daimyō, który reprezentuje jeden z siedmiu Wielkich Klanów. Podczas rozgrywki rekrutuje samurajów i wydaje rozkazy, aby zwiększać wpływy swojego klanu i budować jego potęgę wojskową.",,0.893
3,Choose an Order Card . . . 11 2. Place the Order Card 3a.,Umieszczenie karty rozkazu . 11 3a.,ratio,0.717
8,ARMORY INFLUENCE RECRUIT EXPAND 1. Choose an Order Card 2.,ZBROJENIE WPŁYW REKRUTACJA ROZWÓJ Klan Skorpiona Otrzymujesz 1 kartę rozkazu spec jalnego.,sim,0.525
9,"End of Turn Take another order card, place it in any column, then activate that column.","Umieść ją w odpowiedniej kolumnie, a następnie aktywuj tę kolumnę. Weź inną kartę z rzędu rozkazów, umieść ją w dowolnej kolumnie, a następnie aktywuj tę kolumnę.",ratio,0.76
14,Add a clan special order to its matching column (do not activate that column). “I am my twenty strongest men.” 3 Mercenary Hero Standees 3 Mercenary Hero Cards 30 Wood Resource Tokens Scorpion Phoenix Lion Dragon Crab Crane Unicorn,Umieść ją w odpowiedniej kolumnie (nie aktywuj tej kolumny). wydaj albo odłóż Yoritomo z powrotem do puli najemnych bohaterów. 3 żetony najemnych bohaterów „Ja jestem dwudziestką moich najsilniejszych ludzi”. na podstawkach 13 neutralnych kart taktyki 3 karty najemnych bohaterów Klan Skorpiona Klan Feniksa Klan Lwa Klan Smoka Klan Kraba Klan Żurawia Klan Jednorożca,frag,0.751
31,Then deal 5 faceup cards in a row near the main board.,Następnie należy wyłożyć 5 odkrytych kart w rzędzie obok planszy – tworzą rząd rozkazów.,sim,0.733
33,Order cards used in a 5- or 6-player game have this marking.,Karty rozkazów używane tylko w rozgrywce 5- i 6-osobowej są oznaczone w ten sposób.,dup,0.769
38,Player Area Setup Diagram A B 2.,Obszar gracza A ◊Gracz 2.,sim,0.68
40,"Place it on the fort location physically closest to you. ◊Player #5: 4 , 2 , 1 , then place 5 troops on your fort tile.","3. Każdy gracz umieszcza swój kafelek fortu na planszy głównej na dostępnym polu fortu, które ma najbliżej. ◊Gracz 4. Bierze 4 , 2 , 1 , a następnie umieszcza 4 wojowników na swoim kafelku fortu.",sim,0.736
42,5. Place your remaining troops on your clan board. 6. Shuffle the neutral tactics cards and deal 2 facedown to each player.,5. Należy potasować neutralne karty taktyki i rozdać graczom po 2 zakryte karty.,ratio,0.75
46,Clan Card Types It is recommended to sort your cards by type and keep them in hand or within easy reach.,"Rodzaje kart klanu Karty warto ułożyć według rodzaju i trzymać je w takim miejscu, aby mieć do nich łatwy dostęp.",frag,0.811
49,"Clan Board Features Village Token Spots Goal Card Spots Troop Spots Crab Clan Take another order card, place it in any column, then activate that column. Noble Actions Spots Building Card Spots Special Order Cards x 2 Building Cards x 2 Fortifications Master Builders Move any building you control to a territory you control that does not contain a shrine, building, fort, or Toshi Ranbo tile.","Planszetka klanu pola na żetony wiosek miejsca na karty celów pola na wojowników akcje zwoju 2 karty rozkazów specjalnych 2 karty budowli Fortyfikacje Mistrz budowniczy Przenieś dowolną budowlę klanu, którą kontrolujesz, na kontrolowane przez Ciebie terytorium, na którym nie ma żadnego żetonu ani kafelka.",ratio,0.763
59,"End of Turn Recruit a clan hero, then activate any column.","Umieść ją w odpowiedniej kolumnie, a następnie aktywuj tę kolumnę. Weź inną kartę z rzędu rozkazów, umieść ją w dowolnej kolumnie, a następnie aktywuj tę kolumnę.",ratio,0.48
63,"Build 2 Buildings Use All 3 Noble Actions Gain Control of Toshi Ranbo Goal Cards: When you achieve a goal (even if it is in the middle of a turn), announce that you have achieved it, place it on your clan board, and earn an achievement.","W takiej sytuacji odkłada znacznik z kafelka Toshi Ranbo z powrotem na swoją planszetkę klanu. Karty celów: Gdy gracz zrealizuje cel (nawet w środku tury innego gracza), natychmiast ogłasza to pozostałym graczom, kładzie zrealizowaną kartę celu po lewej stronie swojej planszetki klanu (na 1 z 2 miejsc na zrealizowane karty celów) i zdobywa osiągnięcie.",numbers,0.657
70,"If lost, return the marker to your clan board. ◊If an achievement has 2 spaces, you can earn it twice.","Oznacza to, że gracz może zdobyć takie osiągniecie 2 razy. Gdy zdobędzie je po raz pierwszy, umieszcza znacznik na jednym z tych pól, a gdy zdobędzie je po raz drugi, na drugim.",sim,0.576
73,Note: It is important to familiarize yourself with the key terms (right).,Uwaga! W ramce po prawej wyjaśniono kluczowe pojęcia.,ratio,0.686
75,Place the Order Card 3a.,Umieszczenie karty rozkazu 3a.,dup,0.917
98,To the right is an explanation of the effects you get from the icons when you activate a column.,Po prawej wyjaśniono symbole widoczne w poszczególnych kolumnach na planszetce klanu.,sim,0.569
103,"They will instead improve your abilities when attacking or defending in battle. Recruiting When you activate your recruit column, you can place new troops from your clan board on your fort tile or on a territory containing any clan building you control.","Rekrutacja Gdy gracz aktywuje kolumnę rekrutacji, może umieścić nowych wojowników z planszetki klanu na swoim kafelku fortu albo na terytorium z dowolną budowlą klanu, którą kontroluje.",ratio,0.811
123,"Once built, you control the building and can use its effects as long as you continue to control it.","Gracz może zbudować budowlę na terytorium: ◊na którym ma swoją armię albo ◊ które sąsiaduje z jego armią, albo ◊które sąsiaduje z jego fortem. Uwaga!",sim,0.307
126,Camp Building: Each clan can build a camp. You can have any number of troops in each territory with a camp you control. ◊You can recruit or retreat to camps you control. ◊Opponents can gain control of your Build Cost camp and its benefits.,"Obóz Każdy klan może zbudować obóz. ◊Gracz może mieć dowolną liczbę wojowników na terytorium z obozem, który kontroluje. ◊Gracz może rekrutować i wycofywać wojowników do obozu, który kontroluje. karta budowli koszt budowy ◊Przeciwnicy mogą przejąć kontrolę nad obozem gracza i korzystać z jego efektu. efekt Gracz nie może zbudować budowli na terytorium: ◊na którym znajduje się jakikolwiek kafelek albo żeton (można budować na polu wioski, jeśli jej żeton został usunięty, zob.",ratio,0.85
127,"Lion (pictured in yellow) can build in any territory where they have troops, adjacent to where they have troops, and adjacent to their fort, if there is no token present in the territory.","Ruch do wiosek, str. 16) albo ◊na którym znajduje się wroga armia. Zgodnie z zasadami Klan Lwa (żółty) może zbudować budowlę na dowolnym terytorium, na którym ma armię albo sąsiadującym z jego armią, albo sąsiadującym z jego fortem, o ile na tym terytorium nie ma żadnego żetonu ani kafelka, ani wrogiej armii.",sim,0.707
142,C Finally they pay 1 more to move to the armory shrine.,"C Na koniec wydaje jeszcze 1 , aby za kolejny ruch przemieścić się do świątyni z żetonem zbrojenia.",sim,0.735
146,C B A Hero’s Journey Recruit a hero from your clan.,Przypomnienie. Do fortu klanu może wejść tylko dany klan.,sim,0.351
147,A B C INFLUENCE,A B C,ratio,0.751
152,The tile should cover the lesser benefits printed on your clan board.,Żetonem ulepszenia należy przykryć efekt nadrukowany na planszetce przedstawiający mniejszą korzyść tego samego rodzaju.,sim,0.56
165,"Moving into Toshi Ranbo with the initially required 5 or more does not count as winning a battle, but it does end your movement for the turn.","Wejście do Toshi Ranbo, gdy jego kafelek jest odwrócony stroną początkową do góry, nie liczy się jako wygranie bitwy, ale kończy ruchy gracza w danej turze. Gdy pierwsza armia wejdzie do Toshi Ranbo, należy obrócić jego kafelek na drugą stronę.",sim,0.73
166,"When you newly occupy Toshi Ranbo, take the expand upgrade tile B and place it at the top of your clan board’s expand column, covering the lesser benefits printed there.","Od teraz wejście do Toshi Ranbo nie wymaga określonej siły i nie kończy ruchów. Jeśli na koniec swojej tury gracz kontroluje Toshi Ranbo, bierze żeton ulepszenia rozwoju B i umieszcza go na swojej planszetce klanu w kolumnie rozwoju, przykrywając efekt nadrukowany na planszetce przedstawiający mniejszą korzyść tego samego rodzaju (pierwszy od góry).",ratio,0.678
176,Activate the column you just placed the card in.,Następnie aktywuj tę kolumnę. Uwaga!,ratio,0.512
185,(See below for special order rules.),Rozkazy specjalne niżej).,sim,0.683
190,"If all the troops your hero is with are killed (see pp. 18–19), move the hero to any clan building with your troops or back to your fort. ◊Heroes do not count toward the limit of 5 troops per territory. ◊You can never lose a hero. ◊You cannot have more than 1 hero you control in the same territory (other than your fort). ◊Movement: Heroes cannot move on their own; they must move with an army.","Jeśli wszyscy wojownicy z terytorium, na którym znajduje się bohater, zostaną zabici albo usunięci w inny sposób (zob. str. 18–19), gracz musi przenieść tego bohatera do swojego fortu albo dowolnej budowli klanu, w której ma armię. ◊Bohaterowie nie liczą się do limitu 5 wojowników na terytorium. ◊Nie można stracić bohatera. ◊Na pojedynczym terytorium może się znajdować maksymalnie 1 bohater kontrolowany przez danego gracza (to ograniczenie nie obowiązuje w forcie). ◊Bohaterowie nie mogą samodzielnie wykonać ruchu, zawsze poruszają się z armią. ◊Zdolności bohatera odnoszące się do bitwy dotyczą bitwy, w której ten bohater bierze udział.",frag,0.889
209,"Each allows them to reroll as many dice as they would like, once per they have.","Każdy symbol pozwala przerzucić dowolną liczbę kości. Innymi słowy, gracz może tyle razy przerzucić kości, ile ma symboli (do każdego przerzutu może wybrać inną liczbę kości).",ratio,0.566
211,They keep a number of dice equal to how many they have.,"Zachowuje tyle kości, ile ma symboli .",ratio,0.546
213,"After the defender rolls, rerolls, and keeps dice, the attacker does the same.","Gdy obrońca wykona powyższe kroki, to samo robi napastnik.",ratio,0.691
218,Kills do not reduce . Each a player has prevents 1 kill.,Każdy symbol uzyskany przez gracza zapobiega zabiciu 1 wojownika przez symbol przeciwnika.,sim,0.646
224,Compare Tie Any defender troops surviving? Defender gets nothing and does not count the battle as won.,"Napastnik wygrał bitwę, przejmuje kontrolę nad terytorium i zdobywa Obrońca wygrał bitwę, ale NIE zdobywa osiągnięcia wymagającego wygrania bitwy Obrońca nic nie zyskuje i nie liczy tej bitwy jako wygranej.",ratio,0.553
225,"Attacker must retreat. Defender is the winner Attacker is the winner, takes but does NOT gain a control of the territory, and gains a battle achievement. battle achievement.",Napastnik musi się wycofać. osiągnięcie wymagające wygrania bitwy jako napastnik. jako napastnik.,ratio,0.718
233,"They roll 3 dice, then use a reroll from their hero to reroll the 2 single results.","Rzuca 3 kośćmi, a następnie używa symbolu przerzutu zapewnianego przez jego bohaterkę, aby przerzucić 2 kości, na których uzyskał pojedyncze symbole . Na obu przerzuconych kościach uzyskuje wyniki podwójnych symboli .",ratio,0.733
234,"They keep 2, a die as well as a die.",Zachowuje 2 kości: z symbolami i z symbolami .,sim,0.479
240,They do not have a reroll.,Nie ma żadnego symbolu przerzutu.,sim,0.575
241,"They keep 2, a die as well as a die.",Zachowuje 2 kości: z symbolami i z symbolami .,sim,0.479
245,J .,J .,short,1.0
250,The next player clockwise then takes the next turn.,Teraz swoją turę rozgrywa następny gracz w kolejności zgodnej z kierunkiem ruchu wskazówek zegara.,ratio,0.708
256,"Moto Chagatai’s ability to move to the battle before it starts and Toturi the Black’s increase to maximum army size are unaffected (but Moto Chagatai’s and Toturi’s ability to add a troop to the battle when it starts are ignored). ◊Bayushi Kachiko : Maximum army size rules still apply; do not add a troop to the location if you already have 5 present. ◊Daidoji Uji : Do not count from troops in the territory until after dice are rolled and kills from are resolved. ◊Moto Chagatai : He cannot move to a battle if you already have another hero there. ◊Togashi Yokuni : If you use his ability, the results of the battle are still determined normally.","Gracz nie może zrekrutować wojownika, jeśli na danym terytorium już ma 5 wojowników. ◊Daidoji Uji . Gracze liczą za wojowników na danym terytorium dopiero po rzucie kośćmi i rozpatrzeniu strat z . ◊Moto Chagatai .",ratio,0.679
257,"Credits Game Design: Ben Rosset & Matthew O’Malley Development: David Bertolo, Bryan Bornmueller, Jonathan Gilmour-Long Illustration: David Ardila, Asep Ariyanto, Imad Awan, Marius Bota, Joshua Cairos, Sergio Camarena, Caravan Studio, Anna Christenson, Billy Christian, Calvin Chua, Conceptopolis, Leanna Crossan, Carlos Cruchaga Palma, Mauro Dal Bo, Nele Diel, Stanislav Dikolenko, Guillaume Ducos, Graey Erb, Shen Fei, Tony Foti, Felipe Gaona, Diego Gisbert Llorens, Kevin Goeke, Maerel Hibadita, David Horne, Axel Hutt, Wen Juinn, Agri Karuniawan, Pavel Kolomeyets, Alayna Lemmer, Damien Mammoliti, Francisco Miyara, Tomas Muir, Chris Ostrowski, Andrey Pervukhin, Borja Pindado, Polar Engine, Eli Ring, Oscar Romer, Fajareka Setiawan, Filip Storch, Shawn Tan Ignatius, Darren Tan, Isuardi Therianto, Andreia Ugrai, Le Vuong, Arif Wijaya, Robin Wouters Cover Art: Joshua Cairos Graphic Design: David Ardila, Randy Delven, Zack Marsh, Tony Mastrangeli Sculpting: Luigi Terzi Cartography Art: Francesca Baerald Creative Direction: Bree Woodward Art Direction: Jay Hernishin, Tony Mastrangeli Production: Guadalupe Gonzalez, Ellie Gentry Copy Editing: Dan Varrette Marketing: Britta Fisher, Krystal Rose, Preston Wing Head of Studio: Mike Hummel Board Game Arena Development: Steffen Horn (LeSteffen)","Twórcy Autorzy gry: Ben Rosset i Matthew O’Malley Rozwój gry: David Bertolo, Bryan Bornmueller, Jonathan Gilmour-Long Ilustracje: David Ardila, Asep Ariyanto, Imad Awan, Marius Bota, Joshua Cairos, Sergio Camarena, Caravan Studio, Anna Christenson, Billy Christian, Calvin Chua, Conceptopolis, Leanna Crossan, Carlos Cruchaga Palma, Mauro Dal Bo, Nele Diel, Stanislav Dikolenko, Guillaume Ducos, Graey Erb, Shen Fei, Tony Foti, Felipe Gaona, Diego Gisbert Llorens, Kevin Goeke, Maerel Hibadita, David Horne, Axel Hutt, Wen Juinn, Agri Karuniawan, Pavel Kolomeyets, Alayna Lemmer, Damien Mammoliti, Francisco Miyara, Tomas Muir, Chris Ostrowski, Andrey Pervukhin, Borja Pindado, Polar Engine, Eli Ring, Oscar Romer, Fajareka Setiawan, Filip Storch, Shawn Tan Ignatius, Darren Tan, Isuardi Therianto, Andreia Ugrai, Le Vuong, Arif Wijaya, Robin Wouters Okładka: Joshua Cairos Projekt graficzny: David Ardila, Randy Delven, Zack Marsh, Tony Mastrangeli Figurki: Luigi Terzi Zilustrowanie mapy: Francesca Baerald Dyrektor kreatywna: Bree Woodward Dyrektorzy artystyczni: Jay Hernishin, Tony Mastrangeli Produkcja: Guadalupe Gonzalez, Ellie Gentry Redakcja: Dan Varrette Marketing: Britta Fisher, Krystal Rose, Preston Wing Szef studia: Mike Hummel www.LegendoftheFiveRings.com Już po rozgrywce? Podziel się wrażeniami z innymi graczami w grupie PLANSZOWA REBELIA Opracowanie wersji na Board Game Arena: Steffen Horn (LeSteffen)",frag,0.966
262,Control: You control any territory where only you have an army.,"Kontrola. Gracz kontroluje terytorium, jeśli znajduje się na nim tylko jego armia.",dup,0.806
267,Troop: A piece that represents soldiers who fight for your clan.,Wojownik. Pionek reprezentujący żołnierzy walczących dla klanu gracza.,dup,0.771
268,"Recruit 1 troop Gain 1 influence of dice in battle Take a movement action Add +1 die to your dice roll in battle Buy extra movement with koku Building Clan goal Tactics Neutral mercenaries Hero Noble action Asterisk denoting additional information ◊The winner of a battle steals a village token from the defeated player and gains the resource on the back. ◊You may build in or adjacent to any space containing your army if it is free of tokens, tiles, and enemy troops. ◊Heroes must always stay with an army.","Kup dodatkowe ruchy za koku. Budowla Cel klanu Taktyka Najemni bohaterowie i neutralne karty taktyki Bohater Akcja zwoju Gwiazdka oznaczająca dodatkowe informacje ◊Zwycięzca bitwy zabiera przegranemu dowolny żeton wioski i w zależności od widocznego na nim symbolu otrzymuje zasób albo wojownika (zachowuje zabrany żeton, jeśli jeszcze nie ma 3). ◊Gracz może zbudować budowlę na terytorium, na którym ma armię, albo na terytorium sąsiadującym z jego armią lub fortem, o ile na tym terytorium nie ma żadnego żetonu ani kafelka, ani wrogiej armii. ◊Bohater nie może się znajdować sam na terytorium, zawsze musi być z armią.",frag,0.843
269,"If you lose all your troops in battle, move the hero to a building with your troops or to your fort. ◊If a battle is triggered, the active column for the turn is fully resolved before the battle begins. All movement is still lost.","Jeśli gracz straci w bitwie wszystkich wojowników, przenosi bohatera do budowli klanu ze swoją armią albo do swojego fortu.",ratio,0.654
