id,en,pl,sim
393,"Ranged Ranged– Can attack and move up to 1 space, – but may not attack after moving.","Strzelające - Mogą zaatakować i poruszyć się o 1 pole, ale nie mogą atakować po ruchu.",0.833
395,"However, it suffers a combat penalty* when it attacks an adjacent unit or when it attacks a unit in the enemy’s backline (see page 29, Combat Rounds) while being in a backline itself.","Kiedy jednostka Strzelająca sąsiaduje z jednostką wroga, otrzymuje karę do Walki*. Kara ta obowiązuje także, gdy jednostka Strzelająca z twojej drugiej linii atakuje jednostkę w drugiej linii przeciwnika (str. 29, Rundy Walki).",0.753
396,"It also gains an additional attack penalty ( (-1 1 if the ) attacked unit is behind enemy walls or gates. *When attacking with a combat penalty, roll 2 attack dice and resolve the lower result.","Jednostki Strzelające otrzymują również karę ( (-1 1 ), gdy atakują jednostki znajdujące się za murami lub bramami wroga. *Kiedy atakujesz z karą do Walki, rzuć 2 kośćmi Ataku i rozpatrz niższy wynik.",0.843
397,UNIT COSTS Each faction has 7 different units available to Recruit.,KOSZTY JEDNOSTEK Każda frakcja może Zrekrutować 7 różnych jednostek.,0.852
400,"To add one of your faction’s units to the deck ). of recruited units, apart from having a prerequisite Dwelling you must also pay the Recruitment cost.","Aby dodać jednostkę z twojej frakcji do twojej talii zrekrutowanych jednostek, musisz posiadać odpowiednie Siedlisko i opłacić koszt Rekrutowania Rekrutowania. Natomiast aby.",0.725
401,"To Reinforce your unit, you must have the Citadel, pay the Reinforcement cost on the card of a recruited unit and then flip it over.","Wzmocnić swoją jednostkę, musisz posiadać Cytadelę i opłacić podany na karcie jednostki koszt Wzmocnienia Wzmocnienia,, a następnie odwrócić ją.",0.892
402,Reinforced units have higher statistics and may gain new abilities.,Wzmocnione jednostki mają wyższe statystyki i mogą zyskać nowe zdolności.,0.889
403,"Example: Queen Catherine has built all three Dwellings, which give her access to all of her faction units.","Przykład: Królowa Katarzyna wybudowała wszystkie trzy Siedliska, co daje jej dostęp do wszystkich jednostek jej frakcji.",0.856
405,"When you trigger a Combat, draw cards from a Neutral Unit deck that corresponds to the difficulty indicated on the map field where the Combat takes place (see page 35, Difficulty).","Kiedy wywołasz Walkę, z talii Jednostek Neutralnych dobierz karty odpowiadające poziomowi Trudności Pola Mapy, na którym będziesz Walczyć (str. 35, Tabela Trudności Pola).",0.86
406,Diplomacy allows you to Recruit a Neutral Unit.,Zdolność Dyplomacja pozwala ci Zrekrutować Jednostkę Neutralną.,0.756
407,"To be able to do so, you must both have the Dwelling Tier that is required to Recruit units of that tier (e.g., Tier 3 Dwelling for Azure units) and pay the Recruitment cost given on the recruited Neutral Unit’s card.","Aby to zrobić, musisz dodatkowo spełnić dwa warunki: posiadać Siedlisko wymagane do Rekrutowania jednostek danego poziomu (np. Siedlisko Poziomu 3. w przypadku jednostek Błękitnych) oraz opłacić podany na karcie Jednostki Neutralnej koszt Rekrutowania.",0.833
409,"Necropolis Dungeon Castle Town Building Halberdiers, Troglodytes, Tier 1 Dwelling Marksmen, Harpies, Evil Eyes Griffins Tier 2 Dwelling Crusaders, Medusas, Minotaurs Zealots Tier 3 Dwelling Champions, Manticores, Black Dragons Archangels Skeletons, Zombies, Wraiths Vampires, Liches Dread Knights, Ghost Dragons","Nekropolia Lochy Zamek Budynek w Mieście Halabardnicy, Troglodyci, Kusznicy, Harpie, Złe Oczy Gryfy Krzyżowcy, Meduzy, Minotaury Kapłani Czempioni, Mantykory, Czarne Smoki Archanioły Szkielety, Zombie, Upiory Wampiry, Licze Rycerze Grozy, Upiorne Smoki",0.823
410,"Combat takes place whenever a Hero moves or is placed on an unvisited field with Neutral Units on it or when a Hero interacts with another player, either through sieging their Towns or directly engaging their Heroes.","Walka rozpoczyna się zawsze, gdy Bohater znajdzie się na nieodwiedzonym polu z Jednostkami Neutralnymi albo gdy Bohater jednej frakcji zaatakuje Miasto lub Bohatera innej frakcji.",0.789
411,"COMBAT SETUP COMBAT ROUNDS The Combat takes place on the 4 × 5 Combat board. Backline Frontline Depending on the units you fight against, the length of Combat encounters may vary: • Neutral Units, from tiers Bronze to Gold GoldCombat lasts 1 round only.","PRZYGOTOWANIE WALKI RUNDY WALKI Walka toczy się na planszy Walki o rozmiarze 4 × 5 pól. druga linia pierwsza linia Długość Walki zależy od typu jednostek, z którymi walczysz: • Walka z Jednostkami Neutralnymi z poziomów Brązowy Brązowy-Złoty trwa tylko 1 rundę.",0.869
412,• Any Azure Tier Neutral units and Enemy Heroes Heroes-Combat lasts until either side wins Combat or surrenders.,"Złoty • Walki z Jednostkami Neutralnymi z poziomu Błękitnego albo z wrogimi Bohaterami trwają, dopóki któraś ze stron nie wygra albo się nie podda.",0.782
413,"If you fail to beat Bronze, Silver, or Gold Tier Neutral Units within 1 Combat round, you may pay 1 MP to extend the Combat by 1 round (you may extend the Combat multiple times, as long as you have MP to spend).","Jeśli nie uda ci się wygrać z  UnitBronze>,  UnitSilver> lub  UnitGold> Jednostkami Neutralnymi w ciągu 1 rundy, możesz wydać 1 PR, aby przedłużyć Walkę o 1 rundę (możesz to robić tyle razy, ile PR masz do wydania).",0.828
415,"In such a case, the field COMBAT where the Combat with the Neutral Units took place does not count as visited.","W takiej sytuacji pole, WALKA na którym odbyła się Walka z Jednostkami Neutralnymi, nie liczy się jako odwiedzone.",0.882
416,Discard the Neutral Units that were involved in the Combat and draw new ones when a Hero enters the field.,"Odrzuć Jednostki Neutralne, które brały udział w Walce - kiedy jakiś Bohater znów wejdzie na to pole, dobierzesz nowe.",0.81
417,"NEUTRAL UNIT SETUP When Combat with Neutral Units is triggered, you must: • Place freely up to 5 of your Units on the Backline and Frontline of the Combat board’s chosen side.","PRZYGOTOWANIE WALKI Z JEDNOSTKAMI NEUTRALNYMI Gdy wywołasz Walkę z Jednostkami Neutralnymi, musisz: • Dowolnie rozmieścić do 5 swoich jednostek w pierwszej i drugiej linii po wybranej stronie planszy Walki.",0.876
418,"• Check the Difficulty table (see page 35) and draw the corresponding number of Neutral Unit cards from the corresponding decks, and place them on the opposing side.",• Dobrać wskazane w tabeli Trudności Pola (str. 35) karty Jednostek Neutralnych i rozmieścić je po przeciwnej stronie.,0.845
419,• In solo campaign and co-op modes: a),• W trybach kooperacji oraz kampanii solo: a),0.945
420,Place any Ranged Neutral Units along the backline of the Combat Board.,Umieścić Strzelające Jednostki Neutralne w drugiej linii planszy Walki.,0.674
421,"Starting from the leftmost side of the controlling player, place the units in the order of their decreasing initiative. b)","Jednostki umieszczaj, poczynając od pierwszego pola po lewej stronie kontrolującej je osoby, w kolejności malejącej Inicjatywy. b)",0.768
422,Place any Flying or Ground Neutral Units along the front row.,Umieść Latające i Naziemne Jednostki Neutralne w pierwszej linii.,0.696
423,"Starting from the leftmost side of the controlling player, place the units in the order of their decreasing initiative.","Jednostki umieszczaj, poczynając od pierwszego pola po lewej stronie kontrolującej je osoby, w kolejności malejącej Inicjatywy.",0.724
424,Each unit must occupy one space.,Jedna jednostka zajmuje jedno pole.,0.791
425,"If there is no more space in the front row, place the remaining unit(s) in the backline, again starting from the controlling player’s leftmost side. c)","Gdyby w pierwszej linii zabrakło miejsca, pozostałe jednostki umieść w drugiej linii (również zaczynając od lewej strony kontrolującej je osoby). c)",0.789
426,"If two units have the same initiative, the higher tier units are placed first.","Jeśli dwie jednostki mają tę samą Inicjatywę, jako pierwszą umieść jednostkę z wyższego poziomu.",0.842
427,"If both units have the same initiative and tier, the player who controls the Neutral Units may decide which unit is placed first.","Jeśli obie są z tego samego poziomu, osoba kontrolująca Jednostki Neutralne decyduje, którą umieścić najpierw.",0.739
428,• In Clash or Alliance modes: a),• W trybach Starcia oraz Sojuszu: a),0.846
429,The player who has just ended their turn takes control of the Neutral Units. b),"Jednostki Neutralne kontroluje gracz, który jako ostatni skończył turę.",0.692
431,"If that is not possible, they must spend all of the Neutral Unit’s movement to move towards the Hero’s units.","Jeśli nie jest to możliwe, Jednostka Neutralna musi wykorzystać cały dostępny ruch na zbliżenie się do jednostek Bohatera.",0.799
432,HERO vs HERO SETUP The Hero vs Hero Combat setup is very similar to a Neutral Units Combat setup.,PRZYGOTOWANIE WALKI BOHATERÓW Przygotowanie Walki Bohaterów jest bardzo podobne do przygotowania Walki z Jednostkami Neutralnymi.,0.867
433,"The only difference is that it requires two players, both of whom command their units.","Jedyna różnica jest taka, że w tym przypadku gracze po obu stronach dowodzą swoimi jednostkami.",0.683
434,"Second, the defender places up to 5 of their units, just like the attacker does, but on the opposing side of the Combat board.","Najpierw atakująca strona rozmieszcza do 5 swoich jednostek na planszy Walki tak, jak przy przygotowaniu Walki z Jednostkami Neutralnymi. Następnie strona broniąca się robi to samo, ale po przeciwnej stronie planszy Walki.",0.762
435,"COMBAT TERMINOLOGY Activation Activation-When a unit activates, it is its time to act When act- - move and/or attack.","TERMINOLOGIA Aktywacja - Gdy jednostka się aktywuje, oznacza to, że nadeszła jej kolej działania - ruchu lub ataku.",0.812
436,"To remember which units have already activated during each Combat round, put one of your faction cubes on the unit and then remove it at the end of the Combat round.","Aby oznaczyć, która jednostka już się aktywowała w danej rundzie, połóż na niej kostkę swojej frakcji. Zdejmiesz ją na koniec rundy Walki.",0.806
437,Adjacent unit unit-A unit is directly adjacent to another A if it is one space away in a cardinal direction (nondiagonal).,"Jednostka sąsiadująca - Jednostka sąsiaduje z inną jednostką, gdy znajduje się na polu przed nią, za nią albo obok niej, ale nie na skos.",0.688
438,Combat round round-A Combat round refers to a full cycle A of all units of each player being activated.,Runda Walki - Runda Walki to cykl aktywacji wszystkich jednostek na planszy Walki.,0.768
439,Players activate their units in the decreasing order of unit initiative.,Gracze aktywują swoje jednostki w kolejności malejącej Inicjatywy.,0.868
440,"If a player has no more units to activate, then their opponent keeps activating the rest of their units until all units have been activated.","Jeśli któraś ze stron nie ma już jednostek, które mogłaby aktywować, jej przeciwnik aktywuje swoje jednostki dalej, dopóki wszystkie się nie aktywują.",0.803
441,"Then, the next Combat round starts.",Następnie zaczyna się kolejna runda Walki.,0.911
442,Combat Obstacles Obstacles-Every card placed on the Combat Every board counts as a combat obstacle.,"Przeszkody terenowe - Każdą kartę umieszczoną na planszy Walki (w tym karty jednostek, murów i bram), uważa się za przeszkodę terenową.",0.728
445,"Flip destroyed walls or gates to another side, these cards do not count as obstacles.","Kartę zniszczonych murów i. bram odwróć na drugą stronę, by zaznaczyć, że nie są już przeszkodami.",0.672
446,The defender’s units can move through the Gate as if it were an empty field.,"Jednostki strony broniącej mogą poruszać się przez Bramę, jak gdyby była pustym polem.",0.87
448,"Retaliation Attack Attack-If a unit survives an attack by If an adjacent unit, it performs an attack on that unit.","Kontratak - Jednostka, która przetrwa atak sąsiadującej z nią jednostki, atakuje tę jednostkę.",0.811
449,Each unit can perform 1 Retaliation Attack per Combat round.,Każda jednostka może wykonać 1 Kontratak w rundzie Walki.,0.894
450,"Retaliation Attacks function like normal attacks, so you can play cards from your hand when they are performed.",Kontrataki rozpatrywane są jak normalne ataki - możesz w ich trakcie zagrywać karty z ręki.,0.704
452,"To remember which unit has already Retaliated during this Combat round, put 1 Black cube on this unit, and then remove it at the end of the Combat round.","Aby oznaczyć, która jednostka wykonała już Kontratak w danej rundzie, połóż na niej czarną kostkę. Zdejmiesz ją na koniec rundy Walki.",0.796
454,"If it is attacked or takes any damage before that time, remove the Paralysis token from that unit.","Jeśli wcześniej zostanie ona zaatakowana lub otrzyma obrażenia, zdejmij z niej żeton Paraliżu.",0.742
455,This unit performs a Retaliation Attack if it did not perform it during this Combat round.,"Następnie jednostka ta Kontratakuje, jeśli nie robiła tego jeszcze w tej rundzie Walki.",0.755
456,"Defense a unit with a Defense token is When attacked, after the attack roll make another roll with the Attack die die-if you roll a “+1”, the defending unit gains if an extra 1 defense.","Obrona - Kiedy jednostka z żetonem Obrony zostanie zaatakowana, rzuć kością Ataku (ten dodatkowy rzut wykonujesz po rzucie atakującej jednostki). Jeśli wypadnie „+1”, broniąca się jednostka otrzymuje +1 do Obrony.",0.894
457,"At the start of its activation, if the unit has a Defense token, discard it; this unit cannot take defense action in this activation.","Jeśli na początku swojej aktywacji jednostka posiada żeton Obrony, odrzuć go. Ta jednostka nie może wykonać akcji Obrony w tej aktywacji.",0.908
458,CARD USE DURING COMBAT You may use a maximum of one Spell card per Combat round.,UŻYWANIE KART PODCZAS WALKI W ciągu jednej rundy Walki możesz użyć maksymalnie 1 karty Zaklęcia.,0.886
464,"Example: Sandro has the Ogre’s Club of Havoc, an Artifact granting a +2 bonus on attack if a card from hand is discarded.","Przykład: Sandro posiada Niszczycielską Maczugę Ogrów - jeśli odrzuci kartę, artefakt ten zapewni mu +2 do ataku.",0.846
465,He also has 2 Defense cards and a Fireball spell.,Sandro ma również 2 karty Obrony i zaklęcie Kuli Ognia.,0.837
466,"card that was played, their armor increases to 4 and negates all the damage dealt by the Griffins.","Dzięki zagranej karcie Obrony jej efektywna wartość rośnie do 4, co wystarcza, by zanegować wszystkie zadane przez Gryfy obrażenia.",0.764
467,"After the attack, the Dread Knights’ armor drops back down to their base value of 2.",Po tym ataku obrona Rycerzy Grozy wraca do wartości 2. Rycerze przetrwali - czas na Kontratak.,0.725
468,Sandro must decide whether to use their Ogre’s Club of Havoc or not.,"Sandro musi zdecydować, czy użyć Niszczycielskiej Maczugi Ogrów.",0.76
470,This increases the Dread Knights attack to 7.,To zwiększa wartość ataku Rycerzy Grozy do 7.,0.884
471,"They roll a “0” on the Attack die, so the Griffins take a total of 7 damage.","Na kości Ataku wypada „0”, więc Gryfy otrzymują łącznie 7 obrażeń.",0.863
472,"This causes the Griffins unit card to flip to its “Few” side and take the remaining damage, which leaves them with 1 HP.","To sprawia, że z Grupy Gryfów zostaje tylko Garstka - po odwróceniu ich karty i zadaniu pozostałych obrażeń, Gryfom zostaje 1  HPC>.",0.744
473,Now they are a perfect target for the Fireball the player is holding in their hand.,"Teraz jednostka ta jest doskonałym celem dla Kuli Ognia, którą Sandro ma na ręce.",0.662
475,"Players activate their units in the decreasing order of unit initiative, starting with the unit that has the highest initiative and has not been activated this Combat round.","Jednostki aktywują się w kolejności malejącej Inicjatywy - zawsze więc aktywuje się jednostka, która ma najwyższą Inicjatywę i która jeszcze nie aktywowała się w danej rundzie.",0.714
476,"If both players have the same initiative, the attacking player activates their unit first.","Jeśli dwie wrogie jednostki mają taką samą Inicjatywę, pierwsza aktywuje się jednostka strony atakującej.",0.751
477,Units may only be activated once per Combat round.,Jednostki mogą się aktywować tylko raz w rundzie.,0.872
480,"Instead of attacking, you may choose to defend with a unit.","Zamiast atakować, twoja jednostka może się też bronić.",0.763
481,"If you do so, your unit’s activation ends immediately, but the unit receives a Defense token.",W takiej sytuacji natychmiast kończy ona swoją aktywację i otrzymuje żeton Obrony.,0.657
484,"After that, roll the Attack die and apply the result to your attack before dealing the damage, along with any other attack modifiers that apply (e.g., combat penalties).",Następnie wykonaj rzut i - przed zadaniem obrażeń - dodaj jego wynik do wartości Ataku. Nie zapomnij dodać też innych stosownych modyfikatorów (np. kar do Walki).,0.819
485,5. Resolve damage effects.,5. Rozpatrz skutki ataku.,0.78
486,Reduce the attacking unit’s total attack value by the defending unit’s total defense value.,Pomniejsz całkowitą wartość Ataku jednostki atakującej o całkowitą wartość Obrony jednostki atakowanej.,0.856
490,"COMBAT EXPERIENCE When you defeat an Enemy Hero or Neutral Units, your Main Hero gains Experience.","DOŚWIADCZENIE ZDOBYTE W WALCE Kiedy twój Bohater Główny pokona wrogiego Bohatera albo Jednostki Neutralne, zdobywa Doświadczenie.",0.92
491,"Its amount depends on the difficulty of the encounter: 1. If the effective Field Difficulty/Enemy Hero level is lower than your Main Hero’s level, you gain no Experience.","1. Jeśli efektywny poziom Trudności Pola albo PD wrogiego Bohatera jest niższy od PD twojego Bohatera Głównego, nie zdobywa on Doświadczenia.",0.8
494,4. Azure tier encounters immediately grant the 7 7th th level of Experience.,4. Pokonanie Jednostek Neutralnych z poziomu Błękitnego natychmiast zapewnia VII Poziom Doświadczenia.,0.746
495,"Example: A level 5 Hero defeats Azure units (encounter of Field Difficulty 7), increasing their level up to level 7 (by 2 levels!).","Przykład: Piątopoziomowy Bohater pokonuje Błękitne jednostki (poziom Trudności Pola VII), dzięki czemu natychmiast awansuje na VII PD (zdobywa 2 poziomy!).",0.774
496,NOTE: You gain no Experience from fighting an army that was transported to a Town/Settlement or from fighting a Secondary Hero.,UWAGA: Nie zdobywasz żadnego Doświadczenia za Walkę z Bohaterem Pomocniczym ani z armią przetransportowaną do obrony Miasta czy Osady.,0.855
498,END OF COMBAT A Combat encounter can end in one of 3 ways: 1.,Odnosisz zwycięstwo bez walki. KONIEC WALKI Walka może się zakończyć na 3 sposoby: 1.,0.789
499,A player chooses to surrender (this can only happen if they fight an enemy player).,Gracz poddaje się (możliwe wyłącznie podczas Walki z innym graczem).,0.806
500,2. A player retreats from the encounter (this can only happen if they fight Neutral Units other than Azure Tier).,2. Gracz ucieka z Walki (możliwe wyłącznie podczas Walki z Jednostkami Neutralnymi z poziomu niższego niż Błękitny).,0.824
501,3. All units on either side are defeated.,3. Jedna ze stron zostaje pokonana - traci wszystkie jednostki.,0.797
502,"During Combat, you may surrender whenever you activate any of your units but before you move or attack with them.","Możesz się poddać podczas aktywacji twojej jednostki, ale tylko do momentu, w którym tę jednostkę poruszysz lub nią zaatakujesz.",0.711
503,"In order to surrender to an Enemy Hero, you must give your opponent 10 gold.","Aby móc się poddać, musisz zapłacić wrogiemu Bohaterowi 10  Gold>.",0.874
504,"When you do it, place your Hero in any Town or Settlement you control.","Gdy to zrobisz, umieść figurkę swojego Bohatera w dowolnym kontrolowanym przez ciebie Mieście albo Osadzie.",0.859
506,"If your Main Hero is defeated by another player, give your opponent 5 gold and gain Negative Morale (see page 10, Morale Actions).","Kiedy bronisz Miasta, nie możesz się poddać ani uciec. Jeśli twój Bohater Główny zostanie pokonany przez innego gracza, zapłać mu 5  Gold> i weź żeton (str. 10, Akcje Morale).",0.78
508,"When playing solo, you must follow certain rules to ensure a fair and balanced experience.","Aby twoja rozgrywka w trybie solo była zrównoważona i satysfakcjonująca, musisz przestrzegać kilku zasad.",0.777
509,"The campaign mode for Heroes of Might and Magic III: The Board Game makes use of AI Heroes that use 2 decks to play the game, the AI deck and the Spell deck.","W trybie kampanii w grze Heroes of Might and Magic III: The Board Game stawisz czoła Bohaterom prowadzonym przez AI. Będą oni korzystać z talii Zaklęć oraz talii AI, która przypomina talię Artefaktów i Zdolności.",0.809
511,"AI COMBAT During Combat against Neutral or Enemy AI units, the enemy will follow a set of instructions that aim to simulate a real human: 1.","WALKA AI Podczas Walki z Jednostkami Neutralnymi bądź należącymi do AI twój przeciwnik będzie postępować według instrukcji, które mają naśladować decyzje człowieka: 1.",0.846
512,"Initiative rules remain the same, with the highest initiative unit going first and the attacking Hero having priority.",Reguły dotyczące Inicjatywy pozostają bez zmian – pierwsza rusza się jednostka z najwyższą Inicjatywą. W razie remisu pierwszeństwo ma strona atakująca.,0.806
513,"When fighting an AI Hero, every time the AI activates a unit, draw a card from the AI deck and resolve its effect in AI’s stead.","Gdy podczas Walki z Bohaterem TRYB SOLO AI wroga jednostka się aktywuje, dobierz kartę z talii AI i rozpatrz ją.",0.702
515,"If that is not possible, they target the closest unit within one movement.","Jeśli takich celów brak, atakują najbliższą jednostkę w zasięgu.",0.728
519,"If there is more than one valid target, they target the unit that is the closest to them.","Jeśli jest więcej niż jeden cel spełniający to kryterium, atakują ten, który jest bliżej.",0.731
520,"If there is still more than one valid target, the player chooses which units are attacked.","Jeśli nadal jest więcej niż jeden taki cel, wybierz, który z nich zostanie zaatakowany.",0.722
522,Description 3.,Instrukcja 3.,0.775
526,Impossible Modifier 7.,Poziom trudności: Niemożliwy 7.,0.581
527,"Card Type AI MOVEMENT AI Heroes have 3 Movement Points, which they use to move across the map.","Typ karty RUCH AI Bohaterowie AI dysponują 3 PR, które wydają na poruszanie się po Mapie.",0.844
529,"Check if a player Hero is on the same Hex tile as the AI. If they are, spend all Movement Points moving toward them in an attempt to begin Combat.","Jeśli Bohater AI znajduje się na tym samym kafelku, co Bohater gracza, wydaj wszystkie PR, aby spróbować do niego dotrzeć i rozpocząć Walkę.",0.694
530,"2. Check if there are any Mines or Settlements to Flag on the Map tile the AI Hero is on. If there are any, move toward the closest one and Flag it.","2. Jeśli na kafelku Mapy z Bohaterem AI znajdują się jakieś Kopalnie lub Osady, które można Oflagować Oflagować, idź do najbliższej i, Oflaguj ją.",0.806
531,"3. If actions 1 and 2 are not possible, then move towards the player’s Town instead.","3. Jeśli krok 1. i 2. są niewykonalne, porusz się w stronę Miasta gracza.",0.905
532,4. Repeat from point 1 until all Movement Points are used.,"4. Jeśli masz niewykorzystane PR, wróć do kroku 1.",0.596
534,You may modify the rules to increase or decrease the game’s difficulty.,Dzięki tym dodatkowym zasadom możesz urozmaicić swoje rozgrywki i modyfikować ich trudność.,0.752
535,"Game Difficulty Levels Increase Increase Increase Increase Decrease Decrease Decrease Decrease Decrease Variant Variant Variant Variant Variant GAME SETTINGS Optional Rules Table Change to the default rules Towns do not produce resources when Flagged Flagged, but players may use the buildings, of a captured Town.","Wpływ na rozgrywkę Miasta nie zapewniają przychodu w momencie Oflagowania Oflagowania, ale gracze mogą używać, Budynków w zajętych Miastach. Utrudnienie Utrudnienie Utrudnienie Utrudnienie Ułatwienie Ułatwienie Ułatwienie Ułatwienie Ułatwienie Kość Ataku nie wpływa na liczbę  Damage> (ale nadal może wpływać na aktywację zdolności).",0.647
536,All Treasure and Resource dice only give 1 resource.,Kości Zasobów oraz Skarbów zapewniają tylko 1 Zasób.,0.755
538,You start the game with a Secondary Hero.,Zaczynasz grę z Bohaterem Pomocniczym.,0.85
539,Every unit deal at least 1  Damage> during an attack.,Atak każdej jednostki powoduje co najmniej 1  Damage>.,0.855
540,All Mines and Settlements provide double income.,Wszystkie Kopalnie i Osady zapewniają podwójny przychód.,0.866
541,"You may exchange your resources at any time, the Trading Post becomes Visitable and draws you 1 card from the Artifact deck. Extending Combat no longer costs any MP.","Możesz wymieniać Zasoby w każdej chwili, a Punkt Handlowy staje się lokacją Jednorazową Jednorazową, która pozwala ci dobrać 1 kartę z talii Artefaktów., Przedłużanie Walki nie wymaga wydawania żadnych PR.",0.835
542,An Astrologers Proclaim card is also drawn at the start of the Resource rounds.,Karta Astrologowie Ogłaszają dobierana jest także na początku rundy Zasobów.,0.821
543,Astrologers Proclaim cards are no longer drawn.,Karty Astrologowie Ogłaszają w ogóle nie są dobierane.,0.678
544,"Black cubes on all Visitable fields are removed on the 4 4th th, 8, 8th th, and 12, 12th th rounds.","Czarne kostki na wszystkich lokacjach Jednorazowych są zdejmowane z Mapy w 4., 8. i 12. rundzie.",0.76
546,"DIFFICULTY During setup, select the difficulty. It will affect starting bonuses and the numbers of Neutral Units met during exploration.","POZIOM TRUDNOŚCI GRY Przed przygotowaniem gry wybierz poziom trudności - ma on wpływ na premie początkowe oraz liczbę Jednostek Neutralnych, które napotkasz podczas eksploracji Mapy.",0.705
547,"After taking the bonus, shuffle the Artifact deck.",Po wzięciu premii przetasuj talię Artefaktów.,0.834
548,"STARTING BONUS • Easy Easy-Roll 2 Resource dice and add the results Roll of both dice to your Resource Pool, or Search (2) the Artifact deck, twice.",PREMIA POCZĄTKOWA • Łatwy - Rzuć 2 kośćmi Zasobów i dodaj oba wyniki do swojej puli Zasobów albo Przeszukaj (2) talię Artefaktów dwukrotnie.,0.867
549,"• Normal Normal-Roll 2 Resource dice and add the Roll result of a chosen die to your Resource Pool, or Search (2) the Artifact deck.",• Normalny - Rzuć 2 kośćmi Zasobów i dodaj 1 wybrany wynik do swojej puli Zasobów albo Przeszukaj (2) talię Artefaktów.,0.834
550,"• Hard Hard-Roll 1 Resource die and add the result Roll to your Resource Pool, or reveal cards from the top of the Artifact deck until you find 1 Minor Artifact and add it to your hand.","• Trudny - Rzuć 1 kością Zasobów i dodaj wynik rzutu do swojej puli Zasobów albo odkrywaj kolejne karty z wierzchu talii Artefaktów, póki nie znajdziesz karty Słabego Artefaktu. Weź ją na rękę.",0.846
551,• Impossible Impossible-No starting bonus.,• Niemożliwy - Nie otrzymujesz Premii Początkowej.,0.817
552,"No Difficulty Level I Level II 1 ×  UnitBronze>, 1 ×  UnitSilver> 2 ×  UnitBronze>, 1 ×  UnitSilver> 1 ×  UnitBronze>, 2 ×  UnitSilver> 3 ×  UnitSilver> Level III 2 ×  UnitBronze>, 1 ×  UnitSilver> 1 ×  UnitBronze>, 2 ×  UnitSilver> 3 ×  UnitSilver> 2 ×  UnitSilver>, 1 ×  UnitGold> Level IV 2 ×  UnitBronze>, 1 ×  UnitSilver>, 1 ×  UnitGold> Level V 2 ×  UnitBronze>, 2 ×  UnitSilver>, 1 ×  UnitGold> Level VI Level VII Table’s Key  UnitBronze> – Unit from the Bronze deck  UnitSilver> – Unit from the Silver deck VICTORY CONDITIONS Although victory conditions may vary from scenario to scenario, the most common one is to defeat all enemy factions.","Poziom trudności Poziom I Poziom II 1 ×  UnitBronze>, 1 ×  UnitSilver> 2 ×  UnitBronze>, 1 ×  UnitSilver> 1 ×  UnitBronze>, 2 ×  UnitSilver> 3 ×  UnitSilver> Poziom III 2 ×  UnitBronze>, 1 ×  UnitSilver> 1 ×  UnitBronze>, 2 ×  UnitSilver> 3 ×  UnitSilver> 2 ×  UnitSilver>, 1 ×  UnitGold> Poziom IV 2 ×  UnitBronze>, 1 ×  UnitSilver>, 1 ×  UnitGold> Poziom V 2 ×  UnitBronze>, 2 ×  UnitSilver>, 1 ×  UnitGold> Poziom VI Poziom VII Legenda  UnitBronze> - jednostka z talii Brązowej  UnitSilver> - jednostka z talii Srebrnej WARUNKI ZWYCIĘSTWA Choć warunki zwycięstwa w każdym scenariuszu mogą być inne, najczęściej konieczne będzie pokonanie wrogich frakcji.",0.911
553,You may do this by capturing every Town and Settlement controlled by the enemy.,"Aby tego dokonać, musisz zająć wszystkie kontrolowane przez przeciwników Miasta i Osady.",0.722
554,"Unless stated otherwise, a player who remains without a Town or Settlement for 3 full rounds, loses and is eliminated from the game.","O ile nie napisano inaczej, gracz, który pozostanie bez żadnego Miasta ani Osady przez 3 pełne rundy, zostaje wyeliminowany i przegrywa.",0.871
555,"The same will happen if your Main Hero is defeated while defending a besieged Town, and you have no more Towns or Settlements.","To samo się stanie, gdy broniąc oblężonego Miasta, stracisz Bohatera Głównego i zostaniesz bez żadnego Miasta ani Osady.",0.824
556,An eliminated player may still control Neutral Units during Combat against other players.,Wyeliminowana osoba nadal może kontrolować Jednostki Neutralne w Walce z innymi graczami.,0.828
557,Some scenarios may also require you to collect enemy faction cubes cubes-which may count towards meeting which a Victory Condition Condition-by defeating Enemy Heroes or by capturing their starting Towns.,W niektórych scenariuszach wygrana może wymagać zdobywania kostek wrogich frakcji poprzez pokonywanie ich Bohaterów lub zajmowanie ich Miast początkowych.,0.76
558,"Field Difficulty Level Table Easy Normal Hard Impossible 2 ×  UnitBronze> 3 ×  UnitBronze> 1 ×  UnitBronze> 1 ×  UnitBronze> 2 ×  UnitBronze> 3 ×  UnitBronze> 2 ×  UnitBronze>, 1 ×  UnitSilver> 2 ×  UnitBronze> 1 ×  UnitBronze>, 2 ×  UnitSilver>, 1 ×  UnitGold> 2 ×  UnitSilver>, 2 ×  UnitGold> 1 ×  UnitBronze>, 2 ×  UnitSilver>, 2 ×  UnitGold> 2 ×  UnitSilver>, 3 ×  UnitGold> 1 ×  UnitAzure> 2 ×  UnitAzure> 2 ×  UnitAzure>, 1 ×  UnitGold>  UnitGold> – Unit from the Gold deck  UnitAzure> – Unit from the Azure deck 1 ×  UnitSilver>, 3 ×  UnitGold> 1 ×  UnitSilver>, 4 ×  UnitGold> 2 ×  UnitAzure>, 2 ×  UnitGold>","Tabela Trudności Pola Łatwy Normalny Trudny Niemożliwy 2 ×  UnitBronze> 3 ×  UnitBronze> 1 ×  UnitBronze> 1 ×  UnitBronze> 2 ×  UnitBronze> 3 ×  UnitBronze> 2 ×  UnitBronze>, 1 ×  UnitSilver> 2 ×  UnitBronze> 1 ×  UnitBronze>, 2 ×  UnitSilver>, 1 ×  UnitGold> 2 ×  UnitSilver>, 2 ×  UnitGold> 1 ×  UnitBronze>, 2 ×  UnitSilver>, 2 ×  UnitGold> 2 ×  UnitSilver>, 3 ×  UnitGold> 1 ×  UnitAzure> 2 ×  UnitAzure> 2 ×  UnitAzure>, 1 ×  UnitGold>  UnitGold> - jednostka z talii Złotej  UnitAzure> - jednostka z talii Błękitnej 1 ×  UnitSilver>, 3 ×  UnitGold> 1 ×  UnitSilver>, 4 ×  UnitGold> 2 ×  UnitAzure>, 2 ×  UnitGold>",0.902
559,"TRADE TABLE When visiting a Trading Post, you may exchange your resources, according to the following chart, or Remove 1 card from hand to gain 1 gold.","TABELA CEN Odwiedzając Punkt Handlowy, możesz wymienić swoje Zasoby zgodnie z poniższą tabelą albo Usunąć 1 kartę z ręki, aby zyskać 1  Gold>.",0.878
560,Sells/gets I am selling  Gold>...,Transakcja Sprzedaję  Gold>...,0.811
562,I am selling  BuildMat>...,Sprzedaję  BuildMat>...,0.938
563,Allied players are able to exchange Artifact or Spell cards but must trade one card for another and their Heroes must occupy adjacent fields.,"Członkowie sojuszu mogą wymieniać się kartami Artefaktów i Zaklęć. Aby tego dokonać, muszą znajdować się na sąsiadujących polach, a liczba kart oddanych musi być równa liczbie kart otrzymanych.",0.741
564,Only cards from a player’s hand may be traded.,Wymianie podlegają wyłącznie karty z ręki.,0.756
566,NOTES,NOTATKI,0.95
567,"Rules design: Kamil Białkowski, Jacek Karpowicz, Aleksander Kubiak, Jakub S.","Zasady: Kamil Białkowski, Jacek Karpowicz, Aleksander Kubiak, Jakub S.",0.923
568,"Olekszyk Solo mode rules design: Aleksander Kubiak Tournament rules design: Kamil Białkowski Proofreading: Derek Barry, Szymon Ewertowski, Bruce Fletcher, Anna Skup, Piotr A.","Olekszyk Zasady trybu solo: Aleksander Kubiak Zasady turniejowe: Kamil Białkowski Korekta wersji angielskiej: Derek Barry, Szymon Ewertowski, Bruce Fletcher, Anna Skup, Piotr A.",0.928
569,"Wesołowski Graphic design and editing: Anna Gut, Patryk Kubiak, Natalia Rachowska Box cover and book cover art: Iana Vengerova Artwork: Tomasz Badalski, Yoann Boissonnet, Shen Fei, Viviane Tybusch Souza, Iana Vengerova, Bartosz Winkler Miniature sculpting: Adrian Bukowski, Adrianna Dołowska, Paweł Kazub, Maciej Powarunas, Konrad Rogowski, Stefano Vecchi Project management: Michał Hartliński, Jakub S.","Wesołowski Tłumaczenie wersji polskiej: Piotr A. Wesołowski, Anna Skup Projekt graficzny i redakcja techniczna: Anna Gut, Patryk Kubiak, Natalia Rachowska Projekt pudełka i okładek ksiąg: Iana Vengerova Ilustracje: Tomasz Badalski, Yoann Boissonnet, Shen Fei, Viviane Tybusch Souza, Iana Vengerova, Bartosz Winkler Rzeźby figurek: Adrian Bukowski, Adrianna Dołowska, Paweł Kazub, Maciej Powarunas, Konrad Rogowski, Stefano Vecchi Kierownictwo projektu: Michał Hartliński, Jakub S.",0.943
570,"Olekszyk, Michał Tukan Chief Executive: Michał Pawlaczyk Head of studio: Jarosław Ewertowski Heroes of Might & Magic IP team (Ubisoft): Eric Damian-Vernet Damian-Vernet-Brand Director Brand Theo Gallego Gallego-Senior Game Designer Senior Vicky Malineau Malineau-Narrative Director Narrative Special Thanks: Jean-Felix Monin Monin-Creative Director (Ubisoft)","Olekszyk, Michał Tukan Dyrektor naczelny: Michał Pawlaczyk Kierownik studia: Jarosław Ewertowski Heroes of Might & Magic - zespół IP (Ubisoft): Eric Damian-Vernet - dyrektor marki Theo Gallego - starszy projektant gier Vicky Malineau - dyrektor fabularny Specjalne podziękowania: Jean-Felix Monin - dyrektor artystyczny (Ubisoft)",0.967
571,"Creative Jon Van Caneghem and New World Computing Computing-the original the creators of Heroes of Might & Magic Gametesting and consulting: Artur Adamski, Sławomir Aftarczuk, Maciej Barczyk, Derek Barry, Filip Bęben, Marijn Bierhof, Edyta Borkowska, Michał Borkowski, Konrad Boryczka, Maxime Bouchard, Alex Brown, Adam Burdykiewicz, Marcel Cwertetschka-Mattasits, Jarosław Czerwiec, Sławomir Czuba, Kamila Faber, Aleksandra Frąckowiak, Piotr Gapiński, Iwona “Ivcia”","Jon Van Caneghem oraz New World Computing - oryginalni twórcy „Heroes of Might & Magic” Testy gry i konsultacje: Artur Adamski, Sławomir Aftarczuk, Maciej Barczyk, Derek Barry, Filip Bęben, Marijn Bierhof, Edyta Borkowska, Michał Borkowski, Konrad Boryczka, Maxime Bouchard, Alex Brown, Adam Burdykiewicz, Marcel Cwertetschka-Mattasits, Jarosław Czerwiec, Sławomir Czuba, Kamila Faber, Aleksandra Frąckowiak, Piotr Gapiński, Iwona „Ivcia”",0.96
572,"Gawrońska, Nina Gerling, Izabella Gładysiak, Kuba Iwaszko, Anna Jabczyńska Adamska, Kaja Jastrzębska, Patrycja Jaszewska, Kacper Jurczyński, Aleksandra Kajkowska, Filip Karpowicz, Artur Kasprzyk, Marcin Kawczyński, Piotr Kierzkowski, Darek “KIRA”","Gawrońska, Nina Gerling, Izabella Gładysiak, Kuba Iwaszko, Anna Jabczyńska Adamska, Kaja Jastrzębska, Patrycja Jaszewska, Kacper Jurczyński, Aleksandra Kajkowska, Filip Karpowicz, Artur Kasprzyk, Marcin Kawczyński, Piotr Kierzkowski, Darek „KIRA”",1.0
574,"Lach, Peer Lagerpusch, Konstantinos Lekkas and Dracon Rules Design, Emilia Lewandowska, Ziemowit Lewandowski, Tomasz Małyszka, Robert Mankowski, Marcin Marenda, Philip Middleton, Maciej Miga, Anna Młyńska, Cezary Młyński, Sławomir Mocha, Adam Mrowiec, Michał Musiał, Robert Nieroda, Aleksandra Olejniczak, Mateusz Olejniczak, Kacper Olekszyk, Kamil Orłow, Szymon Pach, Adam Pankau, Bartosz Perzyński, Paweł Piekarski, Rafał Polakowski, Konstantinos Poumpouridis, Marcin Półbrat, Dominik Radkiewicz, Marcin Radomski, Jamie Rowley, Tomasz “Student”","Lach, Peer Lagerpusch, Konstantinos Lekkas and Dracon Rules Design, Emilia Lewandowska, Ziemowit Lewandowski, Tomasz Małyszka, Robert Mankowski, Marcin Marenda, Philip Middleton, Maciej Miga, Anna Młyńska, Cezary Młyński, Sławomir Mocha, Adam Mrowiec, Michał Musiał, Robert Nieroda, Aleksandra Olejniczak, Mateusz Olejniczak, Kacper Olekszyk, Kamil Orłow, Szymon Pach, Adam Pankau, Bartosz Perzyński, Paweł Piekarski, Rafał Polakowski, Konstantinos Poumpouridis, Marcin Półbrat, Dominik Radkiewicz, Marcin Radomski, Jamie Rowley, Tomasz „Student”",1.0
576,"Toporowicz, Oktawian Tośko, Maciej Urbaniak, Sara Urbańczyk, Milan Varga, Adam Witek, Paweł Wojciechowski, Witold Wojcieszak, Arkadiusz Zawieja, Karol Zawieja, Adam Zielke Awaria Prądu, Boardowa Cafe, Druga Era, Fani Gier, Fantasmagoria, Hirawka, Igranie w Lochu, Inowrocławski Klub Fantastyki Cerber, Ludiversum, ParaDice, Planszownia Grodzisk, Planszówkowi Astronauci, Pokój Geeka, Portotypy, Szczecinecki Klub Fantastyki, Trzy Plansze Lore consulting: Mateusz Bąk, Rafał “Dark Dragon”","Toporowicz, Oktawian Tośko, Maciej Urbaniak, Sara Urbańczyk, Milan Varga, Adam Witek, Paweł Wojciechowski, Witold Wojcieszak, Arkadiusz Zawieja, Karol Zawieja, Adam Zielke Awaria Prądu, Boardowa Cafe, Druga Era, Fani Gier, Fantasmagoria, Hirawka, Igranie w Lochu, Inowrocławski Klub Fantastyki Cerber, Ludiversum, ParaDice, Planszownia Grodzisk, Planszówkowi Astronauci, Pokój Geeka, Portotypy, Szczecinecki Klub Fantastyki, Trzy Plansze Konsultacja fabularna: Mateusz Bąk, Rafał „Dark Dragon”",0.994
577,"Mońka (Acid Cave), Mateusz “Hellburn”","Mońka (Acid Cave), Mateusz „Hellburn”",0.997
579,"Thanks for the inspiration and fluffs for some Astrologers Proclaim cards: Jędrzej Mroczkiewicz, Marek Pakieser (Kopalnia Drewna)","Podziękowania za inspiracje i fluffy niektórych kart Astrologowie Ogłaszają: Jędrzej Mroczkiewicz, Marek Pakieser (Kopalnia Drewna)",0.907
580,Archon Studio and the Archon Studio logo are TMs of Archon Spółka z o.o.,Archon Studio oraz logo Archon Studio są znakami towarowymi Archon spółka z o.o.,0.945
582,All rights reserved to their respective owners. ©2022 Archon.,Wszelkie prawa zastrzeżone dla ich właścicieli. ©2022 Archon.,0.943
583,"Archon Studio is located at Warsztatowa 8 Street, Piła 64-920, Poland.","Siedziba Archon Studio znajduje się pod adresem: ul. Warsztatowa 8, Piła 64-920, Polska.",0.941
584,Actual components may vary from those shown.,Komponenty gry mogą różnić się od przedstawionych na ilustracjach.,0.771
585,Printed components made in China.,Komponenty drukowane wykonano w Chinach.,0.831
586,Models made in China.,Figurki wykonano w Chinach.,0.773
587,Manufactured in China and distributed by Archon Sp. z o.o.,"Wyprodukowano w Chinach, dystrybucja: Archon sp. z o.o.",0.879
588,"Might & Magic™, Heroes™, Ubisoft, and the Ubisoft logo are registered or unregistered trademarks of Ubisoft and used under license from Ubisoft Entertainment. ©2022 Ubisoft Entertainment.","Might & Magic™, Heroes™, Ubisoft i logo Ubisoft są zarejestrowanymi lub niezarejestrowanymi znakami handlowymi Ubisoft i są używane na podstawie licencji udzielonej przez Ubisoft Entertainment. ©2022 Ubisoft Entertainment.",0.939
589,A Ability Cards Cards Activation Cards Cards AI Cards Cards Alliance Game Mode Mode Astrologers Proclaim Cards Cards Attack Die Die B Basic Effect Effect C Campaign Campaign-Solo Game Solo Mode Mode Clash Game Mode Mode Combat Combat Combat Against Neutral Units Units Combat Penalty Penalty Combat Obstacles D Deck of Might and Magic Magic Defeat Defeat Difficulty Settings Settings Discover Discover E Empty Field Field Experience and Leveling Leveling Expert Effects Effects INDEX H Hero Card Card Resource Die Die Hero vs Hero Setup Setup Resources Resources Retreat Retreat I Instant Cards Cards Secondary Hero Hero M Settlements Settlements Main Hero Hero Special Ability Ability Map Cards Cards Specialty Cards Cards Map Elements Elements Spell Cards Cards Morale Morale Statistics Cards Cards Movement Actions Actions Starting Bonus Bonus Surrender Surrender N Negative Morale Morale Neutral Units Units Timed Events Events Town Actions Actions O Treasure Die Die Ongoing Cards Cards Town Town P Paralysis Paralysis Unit Types Types Positive Morale Morale Units Units Q Quick Combat Combat Victory Conditions Conditions R S T U V,Mapy Mapy Karty (efekty) Natychmiastowe Natychmiastowe J Jednostki Jednostki Jednostki Neutralne Neutralne Rodzaje jednostek jednostek Zdolność specjalna specjalna INDEKS Pokonanie Pokonanie K Poziom trudności gry gry Karty Premia Początkowa Początkowa Karty AI AI Przeszkody terenowe terenowe Karty Astrologowie Ogłaszają Ogłaszają Karty Specjalności Specjalności Talia Mocy i Magii Magii Karty Statystyk Statystyk Tryby Karty Zaklęć Zaklęć Kampania - tryb solo solo Karty Zdolności Zdolności Tryb Kooperacji Kooperacji Kości Tryb Sojuszu Sojuszu Kość Ataku Ataku Tryb Starcia Starcia Kość Skarbów Skarbów Kość Zasobów Zasobów Ucieczka Ucieczka M Mapa Elementy Mapy Mapy Walka Walka Puste pole pole Kara do Walki Walki Miasto Miasto Przygotowanie Walki Bohaterów Bohaterów Morale Morale Niskie Morale Morale Szybka Walka Walka Wysokie Morale Morale Walka z Jednostkami Neutralnymi Neutralnymi O Warunki zwycięstwa zwycięstwa Odkryj Odkryj Wydarzenia Czasowe Czasowe Osady Osady P Zasoby Zasoby Paraliż Paraliż Poddanie się się T U W Z,0.834
590,CARD ACTION  Instant> Instant effects resolve immediately.  Activation> Activation effects are played during a unit’s activation.  Map> Map effects cannot be used during Combat.  Ongoing> Ongoing effects last until they are used up or until the player who played them starts their next turn (whichever happens first).,"AKCJA KARTY  Instant> Efekty Natychmiastowe rozpatruj od razu.  Activation> Efekty Aktywacji rozpatruj podczas aktywacji jednostki.  Map> Efekty Mapy nie mogą być rozpatrywane podczas Walki.  Ongoing> Efekty Krótkotrwałe są w mocy, dopóki albo nie zostaną użyte, albo zagrywający je gracz nie rozpocznie następnej rundy (co będzie pierwsze).",0.924
591,UNIT ACTION  Activation> Resolve the effect the moment the unit activates.  AAction> Resolve the effect when this unit attacks.,"AKCJA JEDNOSTKI Rozpatrz ten efekt w momencie aktywacji.  Activation> Rozpatrz ten efekt, gdy jednostka atakuje.",0.884
592,"If the unit performs more than 1 attack, resolve the effect only on the first attack.  OAction> You may resolve this effect instead of taking any other regular actions.  Passive> Resolve the effect every time the conditions are met.  Retaliate> Resolve the effect every time this unit performs a Retaliation Attack.","Jeśli jednostka wykonuje więcej niż 1 atak, rozpatrz efekt tylko w pierwszym ataku.  AAction> Możesz rozpatrzyć ten efekt, zamiast wykonywać normalne akcje.  OAction> Rozpatrz ten efekt za każdym razem, gdy spełnione są podane warunki.  Passive> Rozpatrz ten efekt za każdym razem, gdy jednostka Kontratakuje.  Retaliate> MORALE 1.",0.89
594,Draw 1 card. b),Dobierz 1 kartę. b),0.886
596,"Discard any number of cards, then draw the same number of cards.",Odrzuć dowolną liczbę kart i dobierz taką samą liczbę kart.,0.872
598,"If a Hero has already gained Negative Morale, they discard all cards at the end of the turn. b)","Jeśli masz otrzymać żeton  NegMorale>, ale już jeden masz, na koniec tej tury odrzuć wszystkie karty. b)",0.703
600,The Necropolis faction ignores any Morale effects.,Nekropolia ignoruje wszelkie efekty Morale.,0.852
602,This Location has a special effect (see page 20 in the Core Rulebook).,"Ta lokacja ma specjalne efekty (patrz str. 20, Księga Zasad Zasad).).",0.863
603,Resource Symbols:  Gold> Gold  BuildMat> Building Materials  Valuable> Valuables + “Resource Symbol” Symbol”-Immediately gain the given Immediately resource.  Ongoing> “Resource Symbol”,Ikony Zasobów:  Gold> Złoto  BuildMat> Budulce  Valuable> Kosztowności + [ikona Zasobu] - Natychmiast zyskujesz wskazany Zasób.  Ongoing> [ikona Zasobu] - Natychmiast zwiększasz produkcję wskazanego Zasobu.,0.796
604,"If it is Flagged for the first time, it also provides you with the given resource.  Pay> “Resource Symbol” -The player needs to The pay the given resource to gain something. 2 “Any symbol” symbol”-Perform this action twice. Perform 2  TreDie>  1- Roll 2 Treasure dice and choose one to be resolved.","Jeśli lokacja została Oflagowana po raz pierwszy, zapewnia ci dodatkowo wskazany Zasób.  Pay> [ikona Zasobu]  - Zapłać wskazany Zasób, aby coś zyskać. 2 [dowolna ikona] - Wykonaj tę akcję dwukrotnie. 2  TreDie>  1 - Rzuć 2 kośćmi Skarbów i rozpatrz wynik jednej z nich.",0.844
